.t_adx,.t_cci,.xa_thr,.xb_thr,.t_max,.r_max,.r_min,apy_mean,apy_sd
5,45,0.5,0.5,105,0.09,-0.5,0.109726193818306,0.0812726213863475
5,50,0.5,0.5,105,0.09,-0.5,0.110704598528394,0.0836183926222016
5,55,0.5,0.5,105,0.09,-0.5,0.112075577314651,0.079307918373868
5,60,0.5,0.5,105,0.09,-0.5,0.103618538964527,0.0773339502970802
10,45,0.5,0.5,105,0.09,-0.5,0.111984878966532,0.0824766295630749
5,45,0.5,0.5,105,0.09,-0.5,0.109837727367019,0.0776122430973601
5,50,0.5,0.5,105,0.09,-0.5,0.118264615127497,0.0870031813440914
5,55,0.5,0.5,105,0.09,-0.5,0.114378636873376,0.0771409545195661
5,60,0.5,0.5,105,0.09,-0.5,0.108107092003984,0.0734248570943832
